ytChannelId,title,firstSeenDate,firstSeenSection
UCQcBYZxFW7YwNMU8-DsT3Uw,Dr. Elias Senior Health,2026-09-03,1A
UCZdbg9K3qVBXbSSusGRooig,DUI Docket,2026-09-03,1A
UC6bz3qvnsGqw9r1q63IHIjw,EARTH SIGNAL,2026-09-03,1A
UCmZkIfh9dr9434fuWfv_5RA,Edge Tales,2026-09-03,1A
UCE3DzKfdkEEf3kwQYPqcJFA,Forgotten Home Engineering,2026-09-03,1A
UCarhEwIqdYAmLTFamSTYbNg,Global Life Lens,2026-09-03,1A
UCgX6ttzPIHKjW6IVxVAcT4w,Jiang Exclusive,2026-09-03,1A
UCfAtrkjLdTI1uTzOxYJfjAg,Justice Decoded,2026-09-03,1A
UCmlc6ENWAq9Dxv_rR81eliQ,MonarchArchive,2026-09-03,1A
UCthgG5L0rbguU6AAUuUBoHg,Senate Unsealed,2026-09-03,1A
UCb0ps9eCp0y6yP1Xg4sDDFw,The Fatal Board,2026-09-03,1A
UCYvgxe4pS3f4JTJyD93hg4Q,Trucker Life,2026-09-03,1A
UC63Xb3Hl5XlEfvGI6W7NvwQ,WildScope,2026-09-03,1A
UCQ5imaHcujp1h98CGpLE9sA,WIRED Investigations,2026-09-03,1A
UCqou33wSnHGMNsWzkpfIefQ,WW2 Vanguard,2026-09-03,1A
UCEFuknxOojSTan-93jqNQbw,After the Boom,2026-09-03,1B
UCPaAQ4i3kxGiH161WmhD-xQ,After the Crown,2026-09-03,1B
UCnGVtqzoexqB5Nb-R_E51XA,American Secrets,2026-09-03,1B
UCPTKs2IWDUdDl_pgbb6YBYQ,AmericanJusticeFiles,2026-09-03,1B
UCkpHztgvCbG6R77eViUcaVg,Black Frigate,2026-09-03,1B
UCVo4E-iqlaasJpfC1G4ytKQ,Breakpoint,2026-09-03,1B
UCVdYTivTdr4IjjvnCmhHqAw,Caleb Stone,2026-09-03,1B
UCt_GfvYbMFpnziOO4G1rOaA,Case Exposed Legal TV,2026-09-03,1B
UCNQn4VmJVM1KGzmCDrcE9Hw,CORZIUM,2026-09-03,1B
UCh3gkJ64LpsrGtzNfLXvEWg,Crown Recaps,2026-09-03,1B
UC01n2ZuiZNXcjz6khHe0OsA,Cut Recaps,2026-09-03,1B
UCP35XlisYpNbFichqBtJoow,DungeonsNoWork,2026-09-03,1B
UCiuCta-gEY_JVS6Z0d7qj_A,Dustrialize,2026-09-03,1B
UC9qmyUdA3T9BvFEleK9z1HQ,DUTY LENS,2026-09-03,1B
UCWW2O8tc9FkJ_khoJVa89zw,Fabric Myths,2026-09-03,1B
UCPMMi3LaE-rNSkhiBjBYm7w,Fleurons Perdus,2026-09-03,1B
UCuArKe-DilaFD7uFP_DUUvw,Football Paradise,2026-09-03,1B
UCZmCrH0IOW_PnxwVFJQqCuw,Forgotten Royal Tables,2026-09-03,1B
UC5RiB1Zmr49q0hU0Zu8s0lQ,Frontline WW2 Tales,2026-09-03,1B
UCLzBs6GRIJEzjtrQFGt6zVA,geography,2026-09-03,1B
UCzHIoLdss_1M_Iw6OxRKKEg,geography,2026-09-03,1B
UClknXTywTKMGJdHHFbluExw,Grandpa Walter,2026-09-03,1B
UCe2-i8fY97szDtOhHGamwbA,HOA Stories Daily,2026-09-03,1B
UCMqezKrzG1ky_YHiZwpAPhw,Impossible Places Global,2026-09-03,1B
UCWhCi2Q0_oXX7rK0_XOtXBQ,Ivan Jackson,2026-09-03,1B
UCb-JjpjKxK8bPIGllUTof4g,Jiang The Explainer,2026-09-03,1B
UCc0OILjshBxiomU7H2CEVaw,Judge Jason,2026-09-03,1B
UCPBZi4fgqeGteT1jLkA6hzQ,Life at Sea,2026-09-03,1B
UCmlE_iOuxcCHgS-K5JrKTqQ,Liliana Sun,2026-09-03,1B
UCV7-Pko7oD-q4mFOSBpqcFg,Luxury POV,2026-09-03,1B
UCaS30yIIV6y2zqSnHGdIGMQ,Mack,2026-09-03,1B
UCuiyYQhBZIpB4-zA0ghGKRA,Military Blue,2026-09-03,1B
UC6AwWrRKNrwt83CMJqeTUzw,Mr. Finance,2026-09-03,1B
UCv2sL-VAAMN8piWatCR_SdA,Mr. Watchman,2026-09-03,1B
UC-CzFjDbVlqH_mHK-oBy45Q,Nils,2026-09-03,1B
UC4eG4bpflnwia15J4Wef33w,Noxenn,2026-09-03,1B
UCX2UZLcFhehvBmLcNGCQsjw,Palace Beacon,2026-09-03,1B
UC-a6bCSG3TGcIP7IDGUNYHg,Prehistoria Hub,2026-09-03,1B
UCf7-PDJ_l7HrH5k7iPgcS1A,Ravelin,2026-09-03,1B
UCur8BT-BbvOUHtvFJVAk2dQ,Rewatch TV,2026-09-03,1B
UCuH__9-V7L87RcDpAEnv5Wg,Rising Talent,2026-09-03,1B
UCTM4nNDY7AYgBMP2YLcq6nA,Ruined America,2026-09-03,1B
UCjtZtRDuALbG747iwFUFCVA,S zone,2026-09-03,1B
UC8Cp-nFoMwrwqpDxiMEccXA,San English,2026-09-03,1B
UCCCMbgHXpLs2I7BZ_CgXxrg,Secret State Files,2026-09-03,1B
UCWtaF1n1ptl1MMVujQobO-g,States 2050,2026-09-03,1B
UC53wkzZ3aXyeH9-eIgi17WA,Stickly,2026-09-03,1B
UC_tAGAjO1FIyPAlDvjcCqDQ,Stove &amp; Tell,2026-09-03,1B
UCSIx0bZM9q6RxXw-rLE8O9Q,The Divine Sermons,2026-09-03,1B
UCaZGq52vehDzh3PU_4yAksg,The Firearms Vault,2026-09-03,1B
UCDz0e9R4yYhNvPlkK-FxL_w,The Hidden States,2026-09-03,1B
UCW4-cm-BuvUjdEKdsGXX23w,The Origin,2026-09-03,1B
UCxbtwyQ8wIn2ToPggn9l6ZA,The Palace Expedition,2026-09-03,1B
UC8KsBa2GAej1zK_C0t7AgMg,The Planet Journal,2026-09-03,1B
UCF1a91UyGafSZpU_bujAF3w,The State Archive,2026-09-03,1B
UCeLBhkoPNdtdSf0_PY-Wrfg,Timeless Haven,2026-09-03,1B
UCptcDomYoz1roBm0zhObIwA,Trace to Capture,2026-09-03,1B
UCuIIaIZ-n_madpxLMt31vWQ,Uncover History,2026-09-03,1B
UChv8Mnq3g2iqsvkcg7j0AmA,UntoldAmericaTV,2026-09-03,1B
UCjWK-CiFx_dxrEWxbkId5Kw,Vanished Worlds,2026-09-03,1B
UCe5WQdyziWsdVI7XRCSr1YQ,WALTER | KNOW YOUR RIGHTS,2026-09-03,1B
UCG2AylsfKJ0-_RhsgZQE_Ag,World&#x27;s Greatest Heists,2026-09-03,1B
UCXa5V2-4znoM3DkbPnssaKQ,XTeam Restoration,2026-09-03,1B
UCOg7LzZbA-K4zNTY6voztnA,AceSphere,2026-09-03,2A
UCtVdTW2RPnH1LL4PtTizpEA,Air Force Stories,2026-09-03,2A
UCgeJOt7CXtB13xAHHAkACxw,America’s Lost Weapons,2026-09-03,2A
UCLPq1JQKQwCD8zBpo-qVdjA,Ancient Human Files,2026-09-03,2A
UC-B3lZz1lPkReZ_m5xUDtPw,Ancient Nathan,2026-09-03,2A
UCWDdVidCCShnK-QM464A2lw,Archivos del Corrido,2026-09-03,2A
UCvxRoegNAb2Bb-vbco7zIoQ,Arun Kumar,2026-09-03,2A
UC-FDHlZFrlXDGAGoKmrsEfQ,Aussie Crimes,2026-09-03,2A
UCS7jbLQGHnS3_EVv6QLt8zg,Aussie Food Watch,2026-09-03,2A
UC_I6zf_ZJyjFig7UM3sG8Cg,Banter Politics,2026-09-03,2A
UCws1gUMrOTFkqg-Bf50qsXg,Battle Logic,2026-09-03,2A
UChZ-Woxd_GdWTdtJejguCXA,Behind The Factory Work,2026-09-03,2A
UCI0yw7kT5NkWI6yW6e8l43g,BENT STATS,2026-09-03,2A
UCzSPJ4Oa5j4W5pHiiTDmtAw,BibleJourney,2026-09-03,2A
UC7oel5zQ_oZLvSInHfSTK6A,BL Omegaverse Chronicles,2026-09-03,2A
UCMreSBoyc8kVBNoqV9FW6Ew,Blue Chronicle,2026-09-03,2A
UCbnM1MOf-0uhMVMruimBqQw,Bodycam Alert HD,2026-09-03,2A
UCLYrl_RUmdWdNMrDYRMesQQ,Boneink,2026-09-03,2A
UC13oiUQQochn-nKvM9tBOYg,Bridgehead,2026-09-03,2A
UCKyolh-sZYyg1AFRhMuUmjA,British Records,2026-09-03,2A
UCHgokkoAvLu6CyhwIbz6LSQ,British SAS Stories,2026-09-03,2A
UCuC8fauf4XN7wmv7E7UyCZg,Brothers In Arms Global,2026-09-03,2A
UC72xC428vSw2uIir0xX630w,Bruce Lee Hidden Story,2026-09-03,2A
UCOVxVI9V9MJNe1VrsC6qWBg,Cage Night MMA,2026-09-03,2A
UC8N9iTDdqDegJT6tpeljVvg,Calm Father Stories,2026-09-03,2A
UC1nYVdCZZr7XgeKlXEXAIww,Can It Code?,2026-09-03,2A
UCOzaXxxcJHiR7UaQvhS8udw,CANON FODDER,2026-09-03,2A
UChmQOJAqUrsc1LwrdyHLXOA,Celeb Note,2026-09-03,2A
UCzLO91Gv09ND9qKb2NxHVGA,CHELSEA VISION 🔵,2026-09-03,2A
UCiPtnLzvvsHZFBYGQ--kV7w,Chill Dudes Stories,2026-09-03,2A
UCLRgu4IPhXvspNP1GU2Qk3A,Chosen Elite,2026-09-03,2A
UCCi4Rc-b3ob-XE0pcWZRKYQ,CLARK UP MEDIA,2026-09-03,2A
UCTIySjLA2XBB47jSZP4rdpQ,Cold Case Redemption,2026-09-03,2A
UCidqAQ2CxzBp4OYzapEu_og,Consumer Truth,2026-09-03,2A
UC-e95X52SNfFQtzCfdSgACg,Courtroom Chronicles,2026-09-03,2A
UCmaJGQ5TZbJDnrr2XCGjUFg,Crime Chapters,2026-09-03,2A
UCcroWnSo5j3Wes9NjF4x94Q,Crime in Australia,2026-09-03,2A
UCnmYX-ucB-4b7dCixREnv8g,Crime of Love,2026-09-03,2A
UCnzfEdOaDZPuY-u1IG0utEg,CrowBranch,2026-09-03,2A
UCHeCe_SPdX7YTH96mUXdsCQ,CycleWorth,2026-09-03,2A
UCBAFICS4yskluzwzwaYTiYw,Daily Handy Tips,2026-09-03,2A
UCpzcJ73_cca9RUkOnynUa7g,Daly News Truth,2026-09-03,2A
UC61ZI_XPhu134RDhbP3xPXw,Dark Roots Mysteries,2026-09-03,2A
UCntnmZ_6XgltSEfmE_wyTow,Dark Wild Archives,2026-09-03,2A
UCH2kRj7VqxJpURcwq_bp3GQ,Digital Dive,2026-09-03,2A
UCoymC7a46FHcatvBOAQCIZA,Discernment Made Clear,2026-09-03,2A
UCH_e1CrnqX8p3b_-twWwicw,Dollar Wise Living,2026-09-03,2A
UCh4c-AzFUt8TdxqaqD20veg,Dominion Defence Review,2026-09-03,2A
UC-_9SORVIpjReF0u-qdhBjw,Donde Callan los Caminos,2026-09-03,2A
UC356D-NzdnznBOftTpYoBLw,Dr. Ares Senior,2026-09-03,2A
UC5Mh5lYUFyxrA5POb6u-dXQ,Duke Updates,2026-09-03,2A
UC8BN0c_s2tTAFr_UXRBmKMg,DWTV Official,2026-09-03,2A
UCv1tvykJNcr7zGuJSCKPh_w,Earth Archive,2026-09-03,2A
UCXM2jD0346lD91TEzPhH54Q,Earth Unknown,2026-09-03,2A
UCUK4joWtURDZyolyXsq_vrQ,Elvis Uncovered,2026-09-03,2A
UCB9DLOcuJr1cCcuEylZ23cw,Encore Transformations,2026-09-03,2A
UC39F32yY4t7MwaNS2j3fq7w,Epicenter Files,2026-09-03,2A
UCI4ZEe4o4HAZNKF55WySO7Q,Every Knows,2026-09-03,2A
UCmtNjbVx2k2g69ZfHN-A7Dg,Everything Professor Compilations,2026-09-03,2A
UCa922wskSkVE6JV4m0Cmaig,F1 Race Bulletin,2026-09-03,2A
UCuzGGKdz8w5hurrM7_5tJzg,Field Record TV,2026-09-03,2A
UCXTcUDf2pfxDdaB7zVDioJw,Final Revision,2026-09-03,2A
UC_OuzE8JSzj5jPNHCSl6K_w,Floridian Living,2026-09-03,2A
UCO3x8Tslu-w8GjjcA1Ke-RA,Food Facts Exposed,2026-09-03,2A
UCyxhs4EhxFUhlgMBdyOLO5w,Foodora Quest,2026-09-03,2A
UCnu84SFythwqhmEto1IQetw,Forgotten Bible Stories,2026-09-03,2A
UC0k6PSfTNi7OjSG-IL-19uQ,Forgotten Earth,2026-09-03,2A
UClJk8Aka_g1PqV87YTFeQIw,Forgotten Fables,2026-09-03,2A
UCL7kJuKYdCKG5-97qK1xqoQ,Forgotten Inheritance,2026-09-03,2A
UC0wZzugMJA2mQ7CTMNqeExw,Fork Lore,2026-09-03,2A
UCwhfTvyLeH7nCjdacQVoaeg,Frontline Impact,2026-09-03,2A
UCopYjDdiqF79Ft4SrMNTakg,Gabs,2026-09-03,2A
UCSkJEF9XeQ7q3VPEZWDLDOw,German Frontline,2026-09-03,2A
UCDfTct5RH_prnnDE0wMP4RQ,Gilded Ruins,2026-09-03,2A
UC41CAgGX8eqDmmZ8tzCZG5Q,Gnostic Sleeper,2026-09-03,2A
UCrjhOc5C2ZU-q5mshRukG-w,Gotex Ball,2026-09-03,2A
UCwgn9GXoaStCqwqanfBN6DA,Graven History,2026-09-03,2A
UCI53kpaC3jtCeHGaNgxWI4Q,Gray Economy,2026-09-03,2A
UC3kxXOwdikyRwVeS2v5EQ-w,Ground Break,2026-09-03,2A
UCA0G9KHAh1TnRwt6t7GhEfw,Haalandians,2026-09-03,2A
UCzf_99XSwzOkgNbmaou0-lA,HARRY UNFILTERED,2026-09-03,2A
UCC31PSVnQNkjhkXSGcecrJQ,Heaven&#x27;s Scroll,2026-09-03,2A
UCSIZ7Juq1t1six5rd31D9SA,Her Crime Stories &amp; Mysteries,2026-09-03,2A
UCnH1VXeknnOSWMZ-_tgpRCg,Her Second Act,2026-09-03,2A
UC8cLgGkB7sbv-of5ZWPcYNg,HEX,2026-09-03,2A
UCOzMjotRAy6y4f58wUSJsaQ,Hidden History,2026-09-03,2A
UC7s4LegZEkSJfkenm0aL-iQ,Historic Dave,2026-09-03,2A
UCIl8_C_RxVmRDWz4UTm8aBQ,History Endures,2026-09-03,2A
UCip7yKHhFM8hgUmKPj3GZww,history mick,2026-09-03,2A
UCMrvKDTb2p7wH5gafbDiWWg,Hostile Planet,2026-09-03,2A
UCV7NHGd39D0o84f2GUmXMvw,IndustriMade,2026-09-03,2A
UCcsQf3nDqM8o3O2BJhOTimQ,INKTROOPS,2026-09-03,2A
UCOrmG9R3iRX64MRFws_mJRQ,inverted novel,2026-09-03,2A
UCYdyEPIne702J9Eg1zGudWg,Ivan&#x27;s Journal,2026-09-03,2A
UCFQsumzno9wmtG4jNi-7r8w,Jets Logic,2026-09-03,2A
UCvfkRVPE4spzSHXbTfL5eSg,Jiang Strategic,2026-09-03,2A
UCYPY4wIHPmVn_wMEtIeFCmw,Kaboom,2026-09-03,2A
UCJMnnBObNHHlbzItFEWFJpw,Kaltentod Craft,2026-09-03,2A
UCyUSvfFfkyCxyBwzS5wI8zg,Kelly Takeover,2026-09-03,2A
UCMAHAv5-NHe_SwtV910PPlw,Kurogami,2026-09-03,2A
UCJ2aS35UesWioJORV3pEbAQ,Last Cartographer,2026-09-03,2A
UCulgZvMqq12Sa9s9UxhndNA,Learn Physics,2026-09-03,2A
UCl40MDImtmCtsC1S_M1RNXA,Legacy Boats,2026-09-03,2A
UCRHip9LttBfiR5WOZSiOi5w,Level Lives,2026-09-03,2A
UC8ubJ_yrY-mY8fZ4ehF3qrQ,LieLab,2026-09-03,2A
UCvBH0cuT42c89Eie-HrRnuA,Lifeways Travel,2026-09-03,2A
UCRnjIZrmC5Iz4HOhob-ftlw,LOG CABIN TV,2026-09-03,2A
UCKhpM-cu2Cod-GyG6KngNYg,Logical Money,2026-09-03,2A
UCHmUdzAriQFEEmx4513q2kw,Lost Legacy Files,2026-09-03,2A
UCmpG7TBjKzETPpbP6F1AXPA,Lost Roads,2026-09-03,2A
UCIuYX0IG6Aeq7AmSys0fMXw,Luxury Garden Escapes,2026-09-03,2A
UChKlBr2OlSafGOd89RDp6oQ,Made In America,2026-09-03,2A
UCk5LtXavEVMtqMaLgaZzMlg,Manga Sarubedo Fantasy,2026-09-03,2A
UChy3kkOvJ3tizQJKPhdOGOA,Marcus Cole,2026-09-03,2A
UC3PwuepPoJA-OlFbEFD2hHw,Marcus Explains,2026-09-03,2A
UCUtiT92khBLMCUywH23vfhA,Mars Manhwa Teller,2026-09-03,2A
UCQZ8cXpG0XrVyfMXuCKz-XQ,Medieval Library,2026-09-03,2A
UCszhegi25bWXVOHZweYL59A,Meridian,2026-09-03,2A
UCKPWTeWCTYHzp-8mgjd89fA,Military Gray,2026-09-03,2A
UCwC68CcfhN5dT0JvZ-wRRCw,Military Valen,2026-09-03,2A
UCx2Puo_EA23EnPZUusF55SA,Milsim Times,2026-09-03,2A
UCjjuZ24mtxPHi9aQAuHfL8Q,Mogo,2026-09-03,2A
UCUEEJ9GsQEwdV17uDXqpwjw,MONEY IQ,2026-09-03,2A
UCj9WO6zj4d02Ylm87uEZQqQ,MotorX America,2026-09-03,2A
UCJwU8vYT5SRuTwBJ0H39kCg,MoviRank,2026-09-03,2A
UCjwrBssbS5EnXqCmLiWi6nQ,Nature’s Cleanup Crew,2026-09-03,2A
UCrckY2RlTo9ougguQ1M59_w,NEXA,2026-09-03,2A
UCHCHcGMkCZt0TbchB5umlnA,Old American Empires,2026-09-03,2A
UCBQP2z9Gw2eqfLhe1w1PeuA,Old Lion Stories,2026-09-03,2A
UCmQGoKsvZLovH3Jg_k4LXsw,Oldways Britain,2026-09-03,2A
UCEzrcp8suDtbpeD-UOkB6Uw,Only Interrogations,2026-09-03,2A
UCRUg889uNZk2PbfSF-20mHA,Opulent Affairs,2026-09-03,2A
UC5LtkDjXZUIeQfs4s8Zhx7w,Past Proof,2026-09-03,2A
UC4xatswWsvs81cQSnDrJqsA,Patina,2026-09-03,2A
UChQo10VVkL9q45ZHo9boEcw,Perfect Home Decor,2026-09-03,2A
UCJSNtGRYjv07B1MPftnYoxg,Planet Travel TV,2026-09-03,2A
UCNkDjEOw0s9atGHkr1ahMxg,PowerChip,2026-09-03,2A
UCD0lXF319it_QtWZ8qeOtAg,PropertyScope,2026-09-03,2A
UCDEAXCwKflQiLx1cOLIx9Iw,Radius of Crime,2026-09-03,2A
UCiD7sizTdtBj2U_S019jRlQ,RealityZSU,2026-09-03,2A
UCU0PXgVqqFaPlh1vt5jpbqw,Red Shadow,2026-09-03,2A
UCuKkylVKNCsGJgGcDrGJSmg,Richard Uncovers Humanity,2026-09-03,2A
UCbzvo7kPUIbsLZfCBEqgwAA,Robert&#x27;s Football Talk,2026-09-03,2A
UC8ipyP6Trh7ULhnrSrmzQtg,Roberto Explains,2026-09-03,2A
UC8451PlOxZVsepgTxlX0QYQ,Rogi,2026-09-03,2A
UChdtozaaHyr9-f0BU9Iz1GA,Rombo,2026-09-03,2A
UCeK5KBur_TfVTjcBlUJWaLw,Roots of Royal Families,2026-09-03,2A
UCT_Xt9qDTzfQwke1bVbOY3g,Royal Age Golden,2026-09-03,2A
UCLa9zjG7QxtgaZOpWAtt7xw,Royal Family Focus,2026-09-03,2A
UCYRYP3idOWwSF1prWi7Wrrw,Royal Whispers Stories,2026-09-03,2A
UCNzaOPp0y4KJ2XTF6pVlGTw,Sagebrush Stories,2026-09-03,2A
UCWhCOkIExqh5XwcJdWYKAfg,Scandinavian Secrets,2026-09-03,2A
UCeYB6HlHLHJlBE00mP4Epiw,Second Chance Tales,2026-09-03,2A
UCIFctddAVs--VgghkOE3ITg,Secret Slaves of America,2026-09-03,2A
UCbvmhRY2Ay6er_RCfaNoEeg,Serene Dreamlands 8K,2026-09-03,2A
UCtdbCWgUWPgSI59cp-xaYsQ,Shikingz Recaps,2026-09-03,2A
UCYRSbcS4pHHPe0dJRg560rQ,Signal Cam,2026-09-03,2A
UCwEntErZ8CAWoLXWzD-J7CQ,Simpson Explains,2026-09-03,2A
UC0SmgKhGsHI1pdwNULpFxKg,Sleepy Time Origins,2026-09-03,2A
UCiC6nWXnyYrc3n1XgKK-_Fw,South Carolina Uncovered,2026-09-03,2A
UC3r50fpxB2Y5zioe-hlkQxQ,Speed Academics,2026-09-03,2A
UCIDDbWfrYRHmiCVjChEe96Q,Sprint Icons,2026-09-03,2A
UCfNMaCk38ESUA3kcadq-m2w,Stateside Stories | Tales of America,2026-09-03,2A
UCLEkjLaaKaLmLWLt82hkj4Q,Steel At War,2026-09-03,2A
UCQJr3dPcRgw4mwtiqY90MlQ,Stories By Night,2026-09-03,2A
UCV8RemjLe01QEsVFVkqvazw,Stringer Movies,2026-09-03,2A
UCf9O3MaUZAXbUeb5LllhekA,Stylish60plus,2026-09-03,2A
UCexGhy9qhpsCkJsHYhHHW3Q,SWOT,2026-09-03,2A
UCPBPQMrgFgccq53LbiXdspg,Tape Rolling,2026-09-03,2A
UCYb6MhBqu3g9eb8PydtTuVw,Tasman Defence Review,2026-09-03,2A
UCiW7DqPmBFXiSSb3KvK44Bw,Tatami Codex,2026-09-03,2A
UCc8NmxOEmggSDYrKO324TZw,Tech Unfiltered,2026-09-03,2A
UCS5uUkwpHS84i6CNTxSQSjA,Terrafying,2026-09-03,2A
UCDSPwHnGNtl3BCxNUDmSsQA,The Affluent Mind,2026-09-03,2A
UCcs4leaOc7n5m1P1wnlkHsw,The Bible Stories Jesus,2026-09-03,2A
UCf-eCs1b91KnnrEyEQFge-Q,The Catholic Comeback - by Jonah,2026-09-03,2A
UCVY3w_1AFwz--kZF3HzNqoA,The Descent Record,2026-09-03,2A
UCaOagquwu6EZ9ebiEod-d-Q,The Execution Archive,2026-09-03,2A
UCgJDduibmpWFYBA1Op7T98Q,The Fame Insider,2026-09-03,2A
UCyqObBgxCK_SzG5Axz6LRyQ,The Greatest Homes,2026-09-03,2A
UCIYZ7IFNVm4peNwuhRQC0cw,The Invasive Files,2026-09-03,2A
UCXiJ54ZTfNiUah2OGaA4AKA,The Karma Verdict,2026-09-03,2A
UCN6XxorahzAiDNyRnI1of2g,The Last Day,2026-09-03,2A
UC2gIZShLcbqXYovfm_LHB2w,The Legacy of Bruce Lee,2026-09-03,2A
UCTsYQOBJZR57hDuczrn8IPQ,The Lost Species,2026-09-03,2A
UCuBv7yVDhUuVkjOpAdYBZxw,The Maple Life,2026-09-03,2A
UCefg0UkME-2WgV_j231Sf0w,The Naoshi Method,2026-09-03,2A
UCKipna1krnA1hBPsWZPC_ow,The Narrow Road,2026-09-03,2A
UCFZ_h_YPm3lRy_Eg4mxqMfA,The Ocean Planet,2026-09-03,2A
UCFFJqa3pFSiXyFjfnQsUxqA,The Quiet Wild,2026-09-03,2A
UCbEyUOPiOvMn8IhSKOyxvwg,The Silent Ruins,2026-09-03,2A
UCGIqJfjrs6erd_uVNlJR1yg,The Windsor Lens,2026-09-03,2A
UC5g68e5D2o7vJVzs1ktzvHA,TITLE WAVE 🌊,2026-09-03,2A
UCxshRXQ6E15YnJcaY3v5u0w,Tony Talks Business,2026-09-03,2A
UCZvpwSGaxaa4_7lI-xArnMw,Travel Uncovered,2026-09-03,2A
UCj7dn7avpKH8wl9cr5A1DYA,Umbra,2026-09-03,2A
UCxD3igvI44lW2N3WqmFndnw,Uncharted with Mike,2026-09-03,2A
UCL9dJYOmkZe_1_3ET-YEdcQ,Uncut Interrogation,2026-09-03,2A
UC4p5uAWz66riw7u_CJdWdMQ,Under The Pigment,2026-09-03,2A
UCjw4TogAifphMJ8HfZpk22w,UnderTheHeadline,2026-09-03,2A
UCFzzcdBDpKgB2JqU7Nd3vgA,Untold Chapters,2026-09-03,2A
UCLLJ-cfoTknt4Qfx2gdio4Q,USA IN WW2,2026-09-03,2A
UCNdlD8Yli6IENNJqnSCF8mQ,Velvet Society,2026-09-03,2A
UC3g2QaKghC8fYtegpPtLKJA,WA SLOW MOTION SPORTS,2026-09-03,2A
UCAacFG-Z5GuE3FXiqoKIZsA,Warlines,2026-09-03,2A
UCbXFcDzARvkQtVQvl1UeNKw,What Farms Hide,2026-09-03,2A
UC2_bCuK6fin_b5kBS6ZGGVA,Wild Beginnings,2026-09-03,2A
UCsYEZah0zh0XCIaOHrkh93Q,Wild Bird Survival,2026-09-03,2A
UCuXKvXjbFXWmXMJ3JzKF9aA,Wild Blurt,2026-09-03,2A
UCbBzhV6T6a9LFSkQ-fQXKsA,Wild Conflict,2026-09-03,2A
UCLmnyjpVG_0UZwzcLgpEmBA,Wild Disclosure,2026-09-03,2A
UCkm4RNrAasb4--uNpOEASGA,Wild States,2026-09-03,2A
UCmzkwihfGCDEVZN-RQBIhtA,Wild Wings Survival,2026-09-03,2A
UCj7PyU8m5H9B5rJ9tF3dYTQ,wildbratTv,2026-09-03,2A
UCUKn0Pn8KdpKP8gQLEfjFWw,William,2026-09-03,2A
UC6aTRcVR6d-H80WNzY058Sg,WLS Zone,2026-09-03,2A
UCXHa9wViTf8hhenoIpU6xwg,WNBA SAVE,2026-09-03,2A
UCdRb22zahTtJgWjyM_ofR9g,Wood Creation,2026-09-03,2A
UCQzHHzFb2lK0EyXmGPQWp3w,WW2 Air Stories,2026-09-03,2A
UCxIDsWJd_-Zf3xw7nvSLMWA,WW2 Diaries,2026-09-03,2A
UCSOl_iT3qrwcsfXuMpFd_1w,WW2 Ruins,2026-09-03,2A
UCdxA8IhFLirF67TpFLPllrA,Yoru Kai,2026-09-03,2A
UCw079WltHPnwY8YEkVGI0bg,Yucky Stew,2026-09-03,2A
UC3lxN1fRg59gueFmF0htoFA,zalaAnimation,2026-09-03,2A
UCDXp-Kg8OM3JFC_izSoYS-g,ZD Experiment,2026-09-03,2A
UCjpUuL5eXu8QeuiqPE8XaIQ,Zoxi,2026-09-03,2A
UCDn53CetEoAKvpplsmanCRw,Across America,2026-09-03,2B
UCKlPR4LessoPYlq1RCGJD6g,American Family Almanac,2026-09-03,2B
UCJ0YXKiSf5ElD_Vd-euwI3Q,American Wilderness Survival,2026-09-03,2B
UCD-WtXcqPrrlBpZxSNp1ukg,Ancient Aussie,2026-09-03,2B
UC-mLu1-nUCy5EQyjTM-dp_g,Anfield chronicle,2026-09-03,2B
UC-Tsr1zsg1AQDEnN3panTFw,Apex Arena,2026-09-03,2B
UCjTTXtiyBkWw6vhQsFll0Qw,Astropyre,2026-09-03,2B
UCmAqofaR4vnDiGPVEjwD-9A,Aussie Money Fix,2026-09-03,2B
UCBVUby8tROz1-PiBveHnPPA,Automotive Legacy Studios,2026-09-03,2B
UC7A7YuKzTxOGRbNcrY3xq5w,Badges &amp; Chrome,2026-09-03,2B
UCaMJ003hQXcETQIs2_ppVLQ,Bagholder Association,2026-09-03,2B
UCQ9E1aC-uPscclk79tp1Alw,Behind Detective&#x27;s Mind,2026-09-03,2B
UC56khw4KEBSWyPbztX0COHw,Below The Stairs,2026-09-03,2B
UCN1KGDP4hXkp_ukWIdVV7MA,Bible Truth Zone,2026-09-03,2B
UCfnJlHvD6nkRsYVcgRqfrUg,BioPulse,2026-09-03,2B
UCdHNugzpn3Jia7rWrqZfBPA,BittenPear,2026-09-03,2B
UCAwJ5TfKqjDMYxEQxPR0whw,Boyd&#x27;s Bench,2026-09-03,2B
UC724Jsg_qtmMIAqKPPLsBog,Breaking Bodycams,2026-09-03,2B
UCbDXk5dxhV-iDGLu4wnti7Q,British SAS Tales,2026-09-03,2B
UCWelKMWzHNSEr9EjFn-xjPw,byline,2026-09-03,2B
UC0w1d6Hny6WWtrq8nASNKSA,Causality,2026-09-03,2B
UClwJ575CuTWKmohD4qiSOnQ,CRIME &amp; ORDER,2026-09-03,2B
UCzhdWZNe3Zz12-ThaEWsjfw,ctrback,2026-09-03,2B
UCIgV49QHsBxsLq93WyshvrQ,Dark Crimes History,2026-09-03,2B
UCGqSpEb-z-xZ43IBlsHNPWw,Dark Presence TV,2026-09-03,2B
UCXEGx-tXzAUWgLNjDxlt1Kw,DIY Furniture,2026-09-03,2B
UCtUMIKuh9k-FiMEwXRVLgrA,Dustborn Legends,2026-09-03,2B
UCQiq0KNZKEXPgNy-pbqRDBw,Eastern Engine,2026-09-03,2B
UCGKfEo3eKN01cwj0vfAduKQ,Echoes of Hollywood,2026-09-03,2B
UCHlq-mOvKbWAZrVjsaF6Fdw,Empathix,2026-09-03,2B
UCw2zVY9OyV0pY4oqRzzDYxA,EON ATLAS,2026-09-03,2B
UCcAwUsZYe7l2EWPREZv6lAQ,Estate Sense,2026-09-03,2B
UCL_k2tOxExsG-nkXZ1celKA,Evo Explainer,2026-09-03,2B
UCRrTwYDOcntqpnv7giZ_zlw,Exhibit Zero,2026-09-03,2B
UCvzhHLoj4tOyzHXSJXdhPFg,Explainer Medieval History,2026-09-03,2B
UCr4uH1kxo6cJHbtx-Rxnfxg,Exposed Towns,2026-09-03,2B
UCSBl9ju7m_sCm9ewJFSDgYw,Factory Insight Hub,2026-09-03,2B
UCyKJbwWdVreG90Ox3ijEdPw,Fantastic Badminton,2026-09-03,2B
UCWiEUUw1LDQX1fxTMBuWJbA,Fauna,2026-09-03,2B
UCoNHzJcNQlWweq9RX5JHQ9w,Finn Xplains,2026-09-03,2B
UCSX5IdkfsBIeO5rdLFD5xCg,Forgotten American School Days,2026-09-03,2B
UCOXIEZnTJi6hP_is6noaFAw,Forgotten Europa,2026-09-03,2B
UCg_LWiiAwM6n60Pme8X5cbQ,Fossil Fred,2026-09-03,2B
UCC4Jpyor18GUJD4eqnioKPw,From Egg to Survivor TV,2026-09-03,2B
UCHoPnZX0nEyb8CltCwyIW9g,Gloww,2026-09-03,2B
UCFNB-9FQVT7UMoiKIampIpg,Gorgeous bird,2026-09-03,2B
UCOCnMlXdFM9Up4Yt3lWZAxg,Guyanese Memories,2026-09-03,2B
UCWu5ZvVK3WyLZs2gymufjqg,Harry Johnson — History,2026-09-03,2B
UCA7UYfa7U5AnOqyJkM0wOPA,Healing TaiChi Flow,2026-09-03,2B
UCVp8tXGVS5p2tnIdBUfBCQw,Hineni,2026-09-03,2B
UCVQ6PfvArbOwvbaySSqnsMQ,History Mark: Exposed,2026-09-03,2B
UCcDBni0gxTyKfd_o1rhQ7rw,History’s Hidden Lives,2026-09-03,2B
UCOcQX-XqSJLZF9pKGvJ7KOw,Hoofed,2026-09-03,2B
UCuKq9YZ3-whA3Y3wqa7kSoQ,Hoop Galaxy,2026-09-03,2B
UCqlJ7o2yf75PRxPOA0fCMsg,How Ships Work,2026-09-03,2B
UCmB3GUOOlU2Ab6K1J9_k2EQ,Humanity Timeline,2026-09-03,2B
UCXfUl8O2X6OKVvm4TvKlJug,ICONIC - WOMEN OVER 50,2026-09-03,2B
UCm2Ici7s2YAjPDPKCOxt8-w,Inside Japan Living,2026-09-03,2B
UCY69rHFoaz7dJuIPAQrwHCg,Japan Living Inside,2026-09-03,2B
UC37zb4pA7p2iIrG3BbmZNfg,Karen Karma,2026-09-03,2B
UCuRdG8jvao58DWP8lHKSYbQ,L&#x27;univers D&#x27;amina,2026-09-03,2B
UCX2wxBzRdBnCHmHcRSVBJrg,Legend Arc,2026-09-03,2B
UC1ySHqlXiCdkztvY8AP3gPQ,Les Années d&#x27;Avant,2026-09-03,2B
UC3rCL45joFq_rQiBuWjvpSw,Letters from Britannia,2026-09-03,2B
UCy1LhcEuod9C4E41avH32Vg,LevelstoLife,2026-09-03,2B
UC5kdCOqcwrelm7NUbiZpEWg,Lives of Great Americans,2026-09-03,2B
UCDEbL0F-BWpZCtmFhJDIdKg,MadeCN,2026-09-03,2B
UCtjLZANkZ4YMDMfmjABnp-w,Margin,2026-09-03,2B
UCatJz_PrVjYoOhO2g5xqoLg,Matthew Graves,2026-09-03,2B
UCH0fYAmg-lg8BauZAthSMrg,Mido Explained,2026-09-03,2B
UCWwCEHGxwFkf2Zf36mlEAug,Military Studio,2026-09-03,2B
UCwH41s-VAjDuhDohYO0ADLw,MintRoot,2026-09-03,2B
UCBWxZUOXXs5G6sE3ZaUR3SQ,Moon Over the Fields,2026-09-03,2B
UCk2jA1p-Uo2ydhTaOFoCwdA,MUSCLE ANATOMIX,2026-09-03,2B
UCtHSufHULdY5p2G-2PnGNQw,Null Source,2026-09-03,2B
UCKY38-261Od_sVIXE5vHCvw,Nyx Recaps,2026-09-03,2B
UCdi-rTleLSNBYEVOWuAic5w,Paint Maniac,2026-09-03,2B
UC5UWss8c9xKDpZBu2FtUsYA,Pearl Stories,2026-09-03,2B
UCQXFte4y853rNuZnoQmvrhw,Planet Unseen,2026-09-03,2B
UC-gJxQDdAzI5MdhYTzvh-ow,Pray Path,2026-09-03,2B
UCkgs3gptV9-Z40IRgoB-Avw,Prehistoric Archive,2026-09-03,2B
UCoyKa3iLXn_qoIhRk113Xgg,Prime Revival,2026-09-03,2B
UCAud4q6bsb88wvMaYBMqiEQ,Pure Science Docs,2026-09-03,2B
UCDvcB5OqE1CY66IZtKKadxg,Range Shift,2026-09-03,2B
UCkaBZYQF_F-1pwiK9WGoTfQ,Raw Animals Footage,2026-09-03,2B
UC2-0LGfMzc-Qlp9k8vK4CVQ,Red Flag Unit,2026-09-03,2B
UCDLINT0o_8a0kObYN5bBqUw,Rick Finance,2026-09-03,2B
UCb5vgGaOLmUChqIscPfOpWQ,Savage Social Skills,2026-09-03,2B
UCaq2ZwSWw3mg-wjoIIrGuMg,Saving Animal Centers,2026-09-03,2B
UCT6lv8Zax6jfYPLqFA9SBig,Saving Lives At Sea,2026-09-03,2B
UCzpWjm2W9EUV1x9ozqmGUxg,Secrets Exposed,2026-09-03,2B
UCIHZeRrhBNOOqTjgU-4hqIw,Sitcom Puff,2026-09-03,2B
UCQeGDpOZVe-WZLqyFta7Gmw,Sleepy Historical Society,2026-09-03,2B
UCtfHq0KbcSzLGNb9mWk9htg,Sleepy Time Mystery,2026-09-03,2B
UC1nH0PQ-yHkbWzRmaCIAFPA,Soccer Storm Report,2026-09-03,2B
UCYYQL6etQLYyIvDY76Ph5WQ,Sovereign Collapse,2026-09-03,2B
UCKFFehBpaBTwZFfoMRmxCXw,Splintered,2026-09-03,2B
UCg8Un63TgJxVylPNqu_JE2g,Stories HFY Galaxy,2026-09-03,2B
UCElMKzapdJqiKvRBO-Aterg,Tactical Genius,2026-09-03,2B
UC9t6wLmvVmw4jb7HQ-_ly6A,The Age of Lies,2026-09-03,2B
UCesL03uMdwndPez95N50dfA,The Brush Pass,2026-09-03,2B
UCU1SDWLllnwXKnnPPsLFqbA,The Crime List,2026-09-03,2B
UCRvUFzHducci8SisSNHam3g,The Evidence Room,2026-09-03,2B
UCcITHE3sPbjJwj_X57iQfAQ,The Final Act,2026-09-03,2B
UC3ibm5Qs1y0L573x1KasyaA,The Global Index,2026-09-03,2B
UCkTA35rUjdRcWAAojUvYjAg,The Greatest Graves,2026-09-03,2B
UCLtI9SQz4PFhGV3KCT4bRVQ,The Gunmaker&#x27;s Mark,2026-09-03,2B
UC3jCZzyKNcHXlMwb-eggFww,The HiFi Files,2026-09-03,2B
UCkeHjmwU00N2r8Q0AwfFv3A,The Iron Gospel,2026-09-03,2B
UC3EKCFJ6wrcq5V1qK7FI1yw,The Morrow Page,2026-09-03,2B
UCp9Jdf2TDbvFHywuaTAxDJA,The Red Keep,2026-09-03,2B
UCkedbaiNbbfp9W3xmz2jhAg,The Sleepy Solstice,2026-09-03,2B
UCl9ue2Z6d4mlEjoYDtQW3RA,The Watchroom,2026-09-03,2B
UCWcTUus-b52vpi_AA5A8quA,ThriftyHazel,2026-09-03,2B
UCKNqzgpFumSE32dPs2JkcNA,Tides of History,2026-09-03,2B
UCFXwpYZLnYNbP6Iy77M1_PA,Titan Span,2026-09-03,2B
UCRwdQaWvpUJ2u573ME0Cyrw,Top Wood Tips,2026-09-03,2B
UCdfw5Jn0zZjIre8VeY7M_nw,True Crime Records YT,2026-09-03,2B
UCUmCN3jKlOr8HKa-doSyNOg,True Talk Football,2026-09-03,2B
UCiK9ODIN1_AEte6eV7m7jZA,Underwater Earth 4K,2026-09-03,2B
UCHd-8sQw1mK9OI-9JTejfTA,Uscene Cinema,2026-09-03,2B
UClVLjM4LTsjzve5qGWN6Dpg,Victorix,2026-09-03,2B
UCh-xffbkeNh9QCeI-tw1-vA,What Bodycam Reveals,2026-09-03,2B
UCkKU394DjndjgF4tm2sregA,Wildlife zone,2026-09-03,2B
UCZfMc9IPyrPYSlhwjJ9OVeQ,World Entertainment Documentaries,2026-09-03,2B
UClVmPVF1AxBkx-hcA371RoQ,Wrongly Assumed,2026-09-03,2B
UC6YfuYzfmCL4jcZ9U8XOHzw,Yard Glow-Up With Ellen,2026-09-03,2B
UCp53SfSiLUCpNKaIoepPmhA,Yogiri Recap,2026-09-03,2B
UCthQ-7c7vR3eJMJjARQL8OA,YourTolkienGuy,2026-09-03,2B
UCPJOqF1kfH26xZIdKkmMSxA,Zenith Manhwa Recap,2026-09-03,2B
UCZFguh8r9immrVBXayNIMgw,Court Signal,2026-09-04,1A
UCa-Nt3puRGtoUBETCRDIGCA,L&#x27;Ombre des Projecteurs,2026-09-04,1A
UCePjmj8ikoLqknc8bF0YP4A,Abgelegenes Deutschland,2026-09-04,1B
UCpoDnpn_Xdz_TGQG-ZehTbg,Court Warfare,2026-09-04,1B
UCDootjV5m0Ck_ZoYjWXSg2A,Jewelry Judge,2026-09-04,1B
UCMZGs9PKxNb_Du8duXfTqnA,Adventures in the Wild West,2026-09-04,2A
UCDyRqpAsJbNGs6IgGDaAvBg,Aethel Manhwa,2026-09-04,2A
UCysUS3TjpBLsEPkp0NTV8FA,Airspeed,2026-09-04,2A
UC8M2042mnxDerxayGEi61Zw,Ancient World Uncovered,2026-09-04,2A
UCM5jrKXirjIHEpeBpbwde0g,Antiques Roadshow Recap,2026-09-04,2A
UCFGbFxED1ZssIePFzToxRxA,Atlas One,2026-09-04,2A
UClaUoce9MdNyfUWnqOsYgKQ,Ballistory,2026-09-04,2A
UCZz0hoRnxtTxPtaHQsa1mCQ,Battle Tales,2026-09-04,2A
UCDcwGILumhqZLANDfiTROjA,Carolina Living,2026-09-04,2A
UCDiXq8Xf_iEGZgy79OAi4Ng,Conseils Japonais,2026-09-04,2A
UCPrLTTYo6s-TajsU7RzcPdA,Court Record Files,2026-09-04,2A
UC5r6YMI053ndPD0fyq8YtsQ,Crescent,2026-09-04,2A
UCG0e2A5BKJXWzIB9_hGNN7A,Dale McCoy,2026-09-04,2A
UCSf-_gpyuGm61FQXgeawweA,Dark Timeline,2026-09-04,2A
UCsTxALI5JZxL_vREhxnZ0uw,Dinguerie Histoire,2026-09-04,2A
UC_0VlBJao05MJFwCT0DITvQ,Empires of Rust,2026-09-04,2A
UCF-3_H66xELXcWVp1L3J-9A,Faultline,2026-09-04,2A
UCVEWfTVzZSNzfXzrzxd2UYw,Food Exposed,2026-09-04,2A
UC77iDjv5dqfpEUE4cX2FIaw,Forgotten Planes,2026-09-04,2A
UCc2Q9jI7lpLnCwdUC0wWBrA,Frontiers of Reality,2026-09-04,2A
UCtobg2cGzwAZE6xZiIfDPJA,Geo Crumbs,2026-09-04,2A
UCZK7vYJOzEo_Ifwf_drs4tQ,Grimdark Lives,2026-09-04,2A
UCRombce4i6_VMhlSP87G6Sg,GrimdarkAscent,2026-09-04,2A
UC5ZWshGQp4dN3sH3WlEravQ,Hidden Earth,2026-09-04,2A
UCars5Y4vh9u0lAFmK1LmJ_A,Industrial Empire,2026-09-04,2A
UCpX2oilF0FsGepWX06yWzgg,Intueas In-Depth,2026-09-04,2A
UCCPCEUtao-g9_iWYyfF-B1w,Jhon Construction,2026-09-04,2A
UCKVJNt43vcgSiz-0AVDsYgA,Kiln Studio,2026-09-04,2A
UCmQzAfgtsJh66h-zzFFLwsw,Lost Files,2026-09-04,2A
UC5seZ_hNa7N9PRclnADzt2w,Lucky Lord,2026-09-04,2A
UC42IZUEne_XkEan_7QvrMtg,Maritime Machine Diaries,2026-09-04,2A
UCXIz7ldmgWV7M3XdkEm5Vqg,Mr Vista,2026-09-04,2A
UCPc58CXcfhJClhYJXdQZdrQ,Nap Theory,2026-09-04,2A
UCgr30ZIk7SN5K4X7pl2pA1g,Painting From History,2026-09-04,2A
UCY-irETA7i1cuKPg2_XNTyg,Persimmon Archive,2026-09-04,2A
UCuIIVWkw6maY8lx5hJ9GBxA,Pray &amp; Rise,2026-09-04,2A
UC00cg-jtLoVnoAmimQ8u7SA,Prof Explains All,2026-09-04,2A
UCauAofvsDJEl4RfWAOzNFEQ,Sage Medes,2026-09-04,2A
UCqADbXj3HUyi42WiZx0_Y8A,Sheloyal?,2026-09-04,2A
UC-BWs8Kc2I87wrqb6CctM_w,Silas Investigates,2026-09-04,2A
UCExU-FfGlfjJqkcIEF-R0ZA,SpaceTale,2026-09-04,2A
UCHR33aJzt9_R1w9Z83kUBAQ,The Quiet Record,2026-09-04,2A
UCZbk6uh4cbxwscTJEJXzxzA,The Royal Chronicles,2026-09-04,2A
UC3BTP2FmssM9YAt2QIe6u4A,The Unseen Earth,2026-09-04,2A
UCD6KjK7dVMu4Qzdd6qaCmKQ,Timeless Dreams,2026-09-04,2A
UCGeqGjXzHcQTYzh3D7oUZEg,Titan Projects,2026-09-04,2A
UC3P2bkgJzaPjwNpT_C-16jg,Travel Documentary Hub,2026-09-04,2A
UCpxT-I1ikPSwpO-xA3mSh8A,VIcegaming,2026-09-04,2A
UC6EHiwuoWA32WDbcVkJVBaA,VoxSmash,2026-09-04,2A
UC4L3BWfidv1riWSOIFDQkXw,WILD SKY,2026-09-04,2A
UCpMqB3Z00Fdoy88MDpk_P6g,AxelDropsLore,2026-09-04,2B
UCvrpitoPwr32TZEJos_e6yQ,Built on Lies,2026-09-04,2B
UCa4X1lZKrFmY5qcxcUx4Bfw,Case Zero,2026-09-04,2B
UCaLHjT8PR0LShBIW-mgLmZw,Cold Case Uncovered,2026-09-04,2B
UCHN1Bey32UXz1tTVjBwi3Mw,Cool Dude Explains,2026-09-04,2B
UC32FF_oUYob2e4sdT82JDeA,Drift Through History,2026-09-04,2B
UCsnhKJl6zCa44zUYBdgq8kg,El Verdadero México,2026-09-04,2B
UCudjbwSmv7ZVhfg0omQ25nQ,First Chamber,2026-09-04,2B
UCYwlDjChjBQwzXGL5-_p3Zw,MN Bodycam,2026-09-04,2B
UCNRZLDF4OeJSNgfJ1TdmSFQ,Morbid Report,2026-09-04,2B
UCeYaC8HkxmC5YSrZHPWRodA,Odd Human,2026-09-04,2B
UC5eKFMap4c9OphhdivT5Biw,Pure HiFi,2026-09-04,2B
UCapIKjQKawPR0hMi6vMzFeg,Résumé Manga FR,2026-09-04,2B
UCoPKODwQFwZQEIBWvTMdPjA,Why the Map TV,2026-09-04,2B
UCfX4VvEV0L-BFQmDCPQJxzw,George Brown,2026-09-07,1A
UC0ij6mYMVgmK_7pl_ph6PWw,The Revealed,2026-09-07,1A
UCTEudN-Q_awMClfvUiou-sA,Word Nowadays,2026-09-07,1A
UCUw442oav2ykvoC57wY9yew,El Mapa de BatallaAI,2026-09-07,1B
UCZQ3QtwjACrHINaS_wWMM4A,The Comic Canon,2026-09-07,1B
UCNWaKWpObZVLg1bzImH0Fww,Between the Covers,2026-09-07,2A
UC2iZ8jer-3l7UY8j3Cw2VmQ,live line,2026-09-07,2A
UCTYTWUlrjiKx-s_ta4DOwvA,The Last Porch Light,2026-09-07,2A
UCopDnXg_EwSfKlZhf2-Yz-Q,Aby Bricks,2026-09-07,3
UCNT9_G9lMgToVfKoLJwn-Dw,Abyssal Observer,2026-09-07,3
UCWcQCJHYOK2ZZRA2Sym0mOw,Amaan parkar,2026-09-07,3
UCofLTM6UnCW4e74_qN7JtGQ,Ambou,2026-09-07,3
UCD_zO_MDaC7MyekAmrn6WVQ,Astrum Extra,2026-09-07,3
UCmhIMXOlLIscVcWW9gYybpw,AT Restoration,2026-09-07,3
UCfNOrLQ9LF7OAsN9b25uZZw,Best Travel,2026-09-07,3
UCRKZqt7rf6_Lo5rFwuPTKmw,Bible Animations,2026-09-07,3
UCOQI951UkNKMlTTlHHSaTFA,Big Craig,2026-09-07,3
UC5Jnt7OgEHro3W7kr-jjCrw,Big Think Clips,2026-09-07,3
UCKsS25HcdJVjGabKBYpOs4Q,Bloodlines,2026-09-07,3
UCJmBXfBrF6ybWLbpzN3JqXw,Calm Drama Stories,2026-09-07,3
UCicVSNyM7PMXEzdoAsTB02w,Chat History,2026-09-07,3
UC2TsKs8KgTLPZf5d0hcJcGQ,Chat History Compilations,2026-09-07,3
UCYwOOHF1BZ_hqPVnLnrT_fw,Chill Dude Explains,2026-09-07,3
UCMWgkXXf2eKb2A3UKoXmFVQ,Clarified Mind,2026-09-07,3
UCc4QBVKl4uyT-TRTdc8rwqg,Clearly Established,2026-09-07,3
UCNZxMWs5KlqDjg_UndHDwuw,Cogan Lollins,2026-09-07,3
UC5HEdXrvMyV24HE0c0LwO9Q,CommissarKai,2026-09-07,3
UC8Gwis8sr3O-IVA7BGDxh9g,CreepCast,2026-09-07,3
UCkd9kG12gyNYwZLzfTs8GPA,Cube Moments,2026-09-07,3
UCkZSlTQJ4kdyDCLcICvkkeg,dnadz,2026-09-07,3
UCmWP4f7x5sO4EaJvmCAi0vw,DocuReal,2026-09-07,3
UCQpUwZY5FK_hF8br2eFTPyQ,Earth Lens,2026-09-07,3
UCMlsVAehkoVbjhTRgqFtnKg,Ecos Selvagens,2026-09-07,3
UC5FCyk1QkTBLgWm-w866PGg,Epic AI Films,2026-09-07,3
UCbrSe4uBIeqJweOYnJAOsrw,EverythingProfessor,2026-09-07,3
UCNQVrgPYmkm4KGElhWkepLg,Explore The World 4K,2026-09-07,3
UC89MKZjuwMn0EVhGgrs0_hA,Factory Motion,2026-09-07,3
UCqeNrqTDCOOn-oiQa_vH88A,Flashback History,2026-09-07,3
UCF3gRq4LbNVVR8QfFUyyTCg,Flush,2026-09-07,3
UCJ5kKhnQUbZmABUeJJvj9aw,FORGOTTEN HISTORY,2026-09-07,3
UCylNpQCufmDdAhs8CdLmUXQ,GDF,2026-09-07,3
UCFL9ckFGOkeELpdrCt2eUTg,GlobeGo,2026-09-07,3
UC771k8zqZmmIsRTvENq-voA,GoDocs,2026-09-07,3
UCDXAykwfYd5H0_ytED8aNDg,Grace Oasis,2026-09-07,3
UCYnTGu9fkyuuXYT3Jddc4ZQ,GriffinMind,2026-09-07,3
UCNzzo6bsrjOST47aTqNf4Nw,GrislyDeshaun,2026-09-07,3
UCoZd78hRUdxxsuGiABuHF_A,Historically,2026-09-07,3
UC95ANqPeSKRNEH1CaCOs2ew,History of Simple Things,2026-09-07,3
UCpg4q7kn-_vizrLv5u_r-Dg,History on Fleek,2026-09-07,3
UCQEMsDx3gX8sVcpwsD1lXEg,It&#x27;s Norella,2026-09-07,3
UCf1cjTNQNX7jjmY1vCS6xow,JAMESDRAKE TV,2026-09-07,3
UCvfO701ns6cBg5udtTrYfQg,Layla Sun,2026-09-07,3
UC-SuHonAEkrikvs2oj7LLXg,Lifeder,2026-09-07,3
UCuB-HBs8JXZDgC5P-5sqbog,Lume Stories,2026-09-07,3
UCwS7tk2pxX_PZQ5NtmnHgTA,Medieval Mindset,2026-09-07,3
UC4Dp5pw1_R4gv0N-FBeyB8A,Meow&#x27;s Cafe,2026-09-07,3
UC_uuCO-tZMc73_qRvr46OFA,Mind Pulp,2026-09-07,3
UCWQVu0eZccFkw3cwcJbUqJA,Nebula Prophecy,2026-09-07,3
UCJmSOFcBuiBe-6Hkt6EtDcw,nelvox,2026-09-07,3
UC_3UAtpGb3XatAu94M5yr4Q,OMG Stories,2026-09-07,3
UCRVXfhLRsLWi3_IKnMDiI1Q,poi,2026-09-07,3
UCG0g-AeZntvsNzkDonjdFPA,Poseidon Entertainment,2026-09-07,3
UC7ogBsKt4AoJBu8bObb0QiA,PsychToons,2026-09-07,3
UC5raTSxG5BByGBy38-wbN8A,Pure Earth,2026-09-07,3
UC2NRf0-PH8IiMq5uA5FHJnA,quack doc,2026-09-07,3
UCmIMzibq9BO1Xf41qAbU_DQ,Rally Theory,2026-09-07,3
UCB1eDEd1AYG3YrRIJSZzMOQ,Real Time History,2026-09-07,3
UCoLvjCESbwNnh9l873T2OEQ,Return to Render,2026-09-07,3
UC7pr_dQxm2Ns2KlzRSx5FZA,SandRhoman History,2026-09-07,3
UC4CU00bEVdvKGl20L9VCcnw,Silent Field,2026-09-07,3
UCNZegH5HQPx_chNsPqJw1Rw,Sleepy Science Channel,2026-09-07,3
UC45OWitn6BWG20rxLCL109A,Snook,2026-09-07,3
UCoV5rqQ-ZwLahX1Q0aEsneA,STAYAWAKE - Crime &amp; Psychology,2026-09-07,3
UCS3Iac7JbyHzuXmYj34weRw,Swayle,2026-09-07,3
UCeI90iCLm4RrNguS4WwNVVQ,Textify,2026-09-07,3
UCSW5iY5oGJtx_E_IPFxDraQ,The Art Of Storytelling,2026-09-07,3
UC7sg9FpMWMamzWE2lJPY-Dg,The Back Focus,2026-09-07,3
UCwqoWjOLlznIDDvB70veZHA,The Fourth Encounter,2026-09-07,3
UCnwUjPK7dXety-AJ4fNw_RQ,The Paint Explainer,2026-09-07,3
UCefsLp4ponUzmX3qY_qBsJQ,Timber Motion,2026-09-07,3
UCSoRPhBTtQ4ntgOj4RA_XqA,TRUE GLOBE,2026-09-07,3
UCKuOjGoZyVmvBPlCbCzTi2w,Twixxel,2026-09-07,3
UC7lArlQ18UhSjXwO--aykhQ,Unraveling the Scriptures,2026-09-07,3
UC9hNmVqfGIje3yq4ZtwzHew,Velvet Justice,2026-09-07,3
UCZPwpWUnfVPsAxapxa2Rt5g,VOWFALL Stories,2026-09-07,3
UC8kg65y2jBFwDdCOJK332qg,Wilder America,2026-09-07,3
UCE08yuKd8vfMhtC0YoUYBSw,YESTERDAY,2026-09-07,3
UCK8TbMQGDbB94EOR3aGJo3Q,Zenn,2026-09-07,3
